{ 
"numbers": 
		  {
		     "labels": [ "January","February", "March","April","May"],
		
			 "series": [ 
			          {"series": [5000, 5000, 4700, 4450, 4270 ]},
			          {"series": [0, 0,200, 300,400]},
			          {"series": [0, 0,100,200,250]},
			          {"series": [ 0,0, 0,50,80]}
			        ]
		   },

"repayments": 
			{
			  "labels": [ "January","February", "March","April","May"],
			  
			  "series": [ 
			              {"series": [200,200,188,178,170 ]},
			              {"series": [ 0, 0, 8, 12, 16 ]},
			              {"series": [ 0, 0, 0, 2, 3.2 ]},
			              {"series": [ 0, 0, 4, 8, 10 ]}
			            ]
			},

"collections": 
			{
		     "labels": [ "January","February", "March","April","May"],
		  
		     "series": [ 
		                {"series": [ 180, 170, 160, 150, 140 ]},
		                {"series": [ 20, 30, 40, 50, 60 ]}
		               ]
			},

"amountOfOverdueLoans": 
			{
			  "labels": [ "January","February", "March","April","May"],
			  
			  "series": [ 
			              {"series": [ 0, 0, 6, 6, 6 ]},
			              {"series": [ 0, 0, 2, 2, 2 ]},
			              {"series": [ 0, 0, 2, 2, 2 ]}
			            ] 
			},

  
"numberOfOverdueLoans": 
			{
			  "labels": [ "January","February", "March","April","May"],
			  
			  "series": [ 
			              {"series": [  0, 0, 150, 150, 150 ]},
			              {"series": [0, 0, 50, 50, 50]},
			              {"series": [ 0, 0, 50, 50, 50]}
			            ] 
			},

 "writeOffsRecovery": 
			{
			  "labels": [ "January","February", "March","April","May"],
			  
			  "series": [ 
			              {"series": [ 0, 0, 0, 2, 3.2 ]},
			              {"series": [0, 0, 0, 1.5, 3]}
			            ] 
			}
	}