<?xml version="1.0" encoding="UTF-8"?>
<hibernate-configuration>
    <session-factory>
        <property name="hibernate.dialect">org.hibernate.dialect.MySQLDialect</property>
        <property name="hibernate.connection.driver_class">com.mysql.jdbc.Driver</property>
        <property name="hibernate.connection.url">jdbc:mysql://localhost:3306/market</property>
        <property name="hibernate.connection.username">java</property>
        <property name="hibernate.connection.password">Lp($e#NU2j#v#2016</property>
        <!-- <property name="hibernate.connection.password">java</property> -->
        <property name="hibernate.hbm2ddl.auto">update</property>
        <!-- Enable Hibernate's automatic session context management-->
        <property name="current_session_context_class">thread</property>
        <property name="hibernate.classloading.use_current_tccl_as_parent">false</property>
        <!--<property name="hibernate.transaction.jta.platform">org.hibernate.service.jta.platform.internal.SunOneJtaPlatform</property>
        <property name="hibernate.transaction.factory_class">org.hibernate.transaction.JTATransactionFactory</property>
        <property name="jta.UserTransaction">java:comp/UserTransaction</property>-->
        
    </session-factory>
</hibernate-configuration>
